Scoring Margin,eFG%,SPG+BPG,Rebound Margin,Win Percentage
0.4114631328708618,0.3241365851784563,0.4300470711297072,0.4492367975109114,0.20833333333333337
0.921041233790312,0.4993462646272942,0.7643197229836965,0.619655095601583,0.8275862068965517
0.2806145207942236,0.5441456102663682,0.3812970711297072,0.07655612642891696,0.2
0.672095715970097,0.5440534845866243,0.25955066399854465,0.6283930568624873,0.6521739130434783
0.7506160076044728,0.5247913055500733,0.7800494484594903,0.630701443369248,0.7878787878787878
0.46558366536815127,0.17336166629484784,0.3209205020920502,0.5212331083639296,0.4
0.3996030394146312,0.10731120202669897,0.25156903765690375,0.48427844007203397,0.2222222222222222
0.5647477942676952,0.46576851448284445,0.18272751046025104,0.42235230552797964,0.4375
0.36514470714941877,0.15512108472412592,0.33208544373486004,0.41891750218706736,0.3157894736842105
0.4602963503325286,0.5722064803503469,0.6799163179916319,0.4350578975158911,0.4
0.6913329189169302,0.3269160135606427,0.6334944452459964,0.577566059415598,0.5862068965517241
0.6966107846419708,0.46711915654274494,0.4163179916317992,0.8465172945864201,0.6538461538461539
0.4974881210484893,0.39959038525881746,0.5036820083682009,0.26344147591050765,0.44
0.2657699078650462,0.09305558239687339,0.45962343096234304,0.3614445404192705,0.16
0.7705190242381796,0.47913664170749565,0.7755295502092051,0.6857921264446452,0.78125
0.6152218847478117,0.4508319069189,0.36375523012552297,0.6798563726597828,0.45833333333333326
0.5971003854917287,0.5584586169237612,0.1569988588817041,0.5081990286947303,0.5454545454545454
0.5642792309767042,0.5007543868130138,0.7116457461645747,0.6495795153789176,0.48148148148148145
0.6409325611363738,0.5074567719580225,0.2855648535564855,0.6518549665148167,0.5185185185185185
0.5356781226841377,0.50781684027497,0.17441331635437515,0.5029018113266273,0.43478260869565216
0.9409825211908347,0.7727694792516778,0.753347280334728,0.7182363692703594,0.9333333333333332
0.8084116347405559,0.7595175683607085,0.5126569037656903,0.5552233046563362,0.8666666666666667
0.41024099062402797,0.3835884170031134,0.1971757322175732,0.5438526322104693,0.2222222222222222
0.7496694093747539,0.5518681553127802,0.36084130304841594,0.6549832713604663,0.6785714285714286
0.3995571614579331,0.4269994192874037,0.5575313807531381,0.3921301637555068,0.2
0.45961149725645395,0.4202112030704537,0.25156903765690375,0.6011647099805604,0.38888888888888895
0.6075944619517323,0.335655862100875,0.3457112970711298,0.49688174088933473,0.5384615384615384
0.6162102495090914,0.483365073628599,0.2777943813508666,0.6643647213508781,0.42857142857142855
0.7079739379253455,0.6473677341292672,0.4907759604412325,0.5768082104143306,0.6818181818181818
0.50417789907129,0.5403474829558854,0.3535564853556486,0.40571683445634754,0.41666666666666674
0.7199695125456386,0.5086854550112038,0.6897071129707113,0.8484173080175622,0.64
0.43975889334749746,0.3121217619863467,0.14142259414225936,0.4665319403140268,0.4
0.7528697896874833,0.7244090965792552,0.11785216178521617,0.8170092184922597,0.7407407407407408
0.35575501363136164,0.2078917832308794,0.39945083682008375,0.34787154974983847,0.16666666666666663
0.5208568228722996,0.5467774404107145,0.27451621338912136,0.40711147800946296,0.375
0.4689026011988956,0.4233100060419169,0.01734958880392438,0.49796231329894297,0.3103448275862069
0.6114882318960794,0.7718138607198091,0.23570432357043233,0.33760194292090884,0.6296296296296297
0.5341833905061728,0.2878581226525349,0.3221757322175732,0.4606398173302973,0.5384615384615384
0.37385921321171234,0.4288709640603611,0.1546809623430962,0.5942737985501169,0.20833333333333337
0.38202025957393954,0.3654599900163988,0.37104004781829053,0.2699484217643082,0.23809523809523805
0.4948526623452599,0.4344775952391376,0.5681735492086594,0.44493670031337706,0.30434782608695654
0.3843079206250839,0.30652378687435605,0.4351464435146444,0.45680938889623574,0.14285714285714285
0.47876448415423745,0.38341574134136724,0.23443514644351457,0.5002947402684121,0.36
0.6209698005968587,0.48996402841144604,0.27510460251046015,0.49361303497492315,0.6923076923076923
0.0,0.0,0.054393305439330575,0.0,0.0
0.4845719914795595,0.35632907641553846,0.4989994542477716,0.6006328565275518,0.5217391304347826
0.621183729352638,0.43793796678429603,0.30766213389121344,0.5260602531503064,0.6666666666666665
0.5439436067756667,0.4659643761581214,0.37622036262203634,0.5013912562383218,0.7037037037037037
0.7934849471743024,0.5682260510736326,0.698744769874477,0.9380867484590948,0.6923076923076923
0.5633094791642671,0.5686274479162751,0.19681788152389337,0.5028146183146468,0.47368421052631576
0.8781880667653048,0.7762603854107549,0.49633891213389125,0.7218957802167005,0.875
0.764292607018929,0.5602393476115732,0.18655203974895396,0.7197761180954559,0.71875
0.7077641067650979,0.6533457591325019,0.25593992827256434,0.5696450009663826,0.7142857142857143
0.4328471825023372,0.36875506615818077,0.6521015595283379,0.22358661303947316,0.4090909090909091
0.716639852813217,0.6951492720677016,0.47067755432582004,0.49796102735488074,0.7096774193548387
0.6787828570353418,0.41163359101771896,0.36453974895397495,0.9258906575785858,0.5769230769230769
0.4443966126212634,0.3764539983894421,0.25156903765690375,0.3760990033586011,0.4090909090909091
0.7248451769422197,0.7497544949251864,0.1569988588817041,0.7397443353113018,0.5909090909090909
0.5924620240454317,0.7186569079677355,0.0016997907949790193,0.524421703092524,0.5833333333333334
0.5515046933721857,0.46550350542034014,0.21485355648535556,0.6333177760775396,0.4666666666666666
0.29411632038454144,0.23572756333184194,0.4480290684871173,0.35160257668233413,0.15789473684210525
0.3769281284561801,0.45504180216888196,0.2253436939629409,0.369170338333456,0.09523809523809523
0.42440639707299155,0.24381425775425913,0.5253248183219554,0.5369016958855309,0.2631578947368421
0.6005826973103798,0.6979981735102329,0.34613921643210355,0.48325685170915217,0.5454545454545454
0.8107610320201647,0.6510140477501278,0.4272506411121609,0.7507424746485284,0.8387096774193549
0.6143079202989854,0.608554232376368,0.0618723849372385,0.720039944253317,0.6
0.6470080152452921,0.6220430113459405,0.7717050209205021,0.604481885841348,0.5416666666666666
0.5464082757473345,0.3200930782024886,0.577928870292887,0.5436529500408359,0.5
0.5250371621345256,0.2377093680413769,0.3449680687073332,0.47648355784914576,0.42105263157894735
0.4419287286308617,0.4038362417076215,0.48500697350069727,0.47997454603364836,0.33333333333333326
0.7114900756977212,0.5378286811740016,0.9078055114702064,0.3995568883746197,0.7586206896551724
0.4476579253687216,0.3147666533581846,0.577928870292887,0.3608181915031111,0.33333333333333326
0.7142310124449404,0.6414337221795792,0.1546809623430962,0.5763085221540439,0.6666666666666665
0.5666957816671205,0.36481940520033274,0.1581700066064743,0.5698870257752126,0.5263157894736842
0.6228346294934535,0.48473889267383746,0.4204602510460252,0.6567629392923888,0.52
0.44796641464198206,0.602279786463266,0.08267782426778242,0.3094769752172882,0.36
0.4423979974227185,0.2076594439304329,0.05892608089260803,0.5671529700684028,0.3703703703703704
0.480924266437575,0.5321657978866399,0.6136244769874478,0.4154323906326178,0.375
0.609153792602906,0.40825393275352123,0.6459205020920501,0.5840106886933211,0.5555555555555556
0.49754492212545615,0.5175132766432136,0.7364016736401674,0.3297863691941962,0.34615384615384615
0.7974331476736917,0.6527432177038879,0.4777151173367291,0.8636988349548413,0.5652173913043478
0.6311010840880992,0.5988458710116866,0.733765690376569,0.6174918119999712,0.6
0.49004670092734776,0.369875937272597,0.3127615062761506,0.5349964506508819,0.4
0.7189207781776816,0.6434263529417373,0.7239748953974895,0.6862959079184494,0.72
0.22399857627165623,0.0031787937939215067,0.21660191273161974,0.2190828954464001,0.14285714285714285
0.5255565320139689,0.3984462033375045,0.3739539748953975,0.6734826376166061,0.5
0.7775444584740195,0.7841031680947823,0.6260669456066946,0.6231090146454445,0.64
0.6317042635232668,0.4895073450607902,0.6752092050209205,0.6407821693292968,0.5
0.5987684611572621,0.5595838933320668,0.5198744769874476,0.5059278959007943,0.4230769230769231
0.5796438915381457,0.38135799531180453,0.6242868010650438,0.6397084582217235,0.5909090909090909
0.4652447504399509,0.42890253985558024,0.3127615062761506,0.4962410234114259,0.29411764705882354
0.5453260853465258,0.4114480173834066,0.4069037656903767,0.7291692767573046,0.5
0.5406389257882771,0.4874322257309724,0.5481171548117155,0.5680695725978409,0.5384615384615384
0.7042943768817341,0.6049228354930466,0.6242868010650438,0.5533360061703602,0.7272727272727273
0.6524377720066165,0.6465105447979195,0.74581589958159,0.3738251755839039,0.6538461538461539
0.9983649958396983,1.0,0.5269351464435147,0.8419471240633108,0.96875
0.5215657722484136,0.3159548622187347,0.5728294979079498,0.4516602339494451,0.5
0.86611037665568,0.6804656227334421,0.16997907949790791,0.9652485343384782,0.7083333333333335
0.455663795063643,0.3976898348522963,0.32744769874476976,0.4092263476774895,0.32
0.4618595801235052,0.4150940732555452,0.6848117154811715,0.3277847020870693,0.44
0.5845060464573039,0.4359635893509267,0.33315899581589953,0.4627898570434556,0.625
0.601617356094137,0.4903622113593786,0.09130304841601913,0.6922765469066211,0.5238095238095238
0.4826486554620223,0.22631072525572096,0.47594142259414235,0.5884904718866274,0.375
0.5518027679702072,0.4815311083101555,0.38193560123703835,0.5347413185666956,0.5652173913043478
0.44510809634873455,0.4532100646323743,0.5345842050209205,0.383045286985944,0.3125
1.0,0.4891174525234789,0.7564069037656904,0.9244009542758785,0.875
0.3810871435556108,0.4159106937868461,0.5232635983263599,0.39027591387242844,0.24
0.33885058894317766,0.4488415945716343,0.45962343096234304,0.3871293080102348,0.2
0.2541773493467141,0.3658211519133903,0.05686572841384556,0.357645548400089,0.045454545454545456
0.7046886441046845,0.4862237260634621,0.1852771966527196,0.8208885969707513,0.5416666666666666
0.8046150371039651,0.7221460473945445,0.24959508705628294,0.966841332930519,0.7741935483870968
0.4943157503197443,0.5706584702432702,0.3568200836820083,0.5055054780748085,0.28
0.5571081669197262,0.36578846397127845,0.37168758716875866,0.4764918634719648,0.4444444444444444
0.5652252694595304,0.384764156393483,0.37150627615062765,0.4672228480156761,0.6
0.6661142008260639,0.4750946768922256,0.5575313807531381,0.7346868447414518,0.6666666666666665
0.7713989287371542,0.6809648350385535,0.45093804831961126,0.6351016192025816,0.7096774193548387
0.33714480224876,0.339115704684685,0.3892520920502092,0.29947453597259144,0.08333333333333331
0.4607233502069527,0.3875454848535629,0.3263598326359832,0.4601886438876857,0.4444444444444444
0.614954031252297,0.16135579496424327,0.6119246861924686,0.6028270205173445,0.6666666666666665
0.5095686234476343,0.4475623038824674,0.3688546025104603,0.4281959663312252,0.45833333333333326
0.6721922263317747,0.59711179511902,0.24930264993026494,0.7330405908929308,0.6666666666666665
0.7094647817847387,0.5478034446555542,0.3739539748953975,0.5441936683370275,0.65
0.6838443125871642,0.4342386048799414,0.541213389121339,0.6470448634812145,0.7
0.7269613508178124,0.7172733287097838,0.4351464435146444,0.5502274693205,0.45833333333333326
0.37348600750584726,0.29801149804928134,0.0764319722983696,0.5301717864647636,0.3103448275862069
0.46137477899879203,0.34072407635865765,0.22097280334728034,0.5347433924778714,0.20833333333333337
0.6658808571967859,0.48068719681721384,0.4457886119701656,0.7529060198723957,0.6521739130434783
0.5559128212834081,0.2917495221137572,0.7043933054393304,0.6029860355426471,0.36
0.44142889048555795,0.45385508928018503,0.5281589958158995,0.4459935038619236,0.36
0.5692023758387272,0.4699905433845362,0.3943514644351464,0.3940542655177422,0.6
0.41745247440114974,0.23593201581909073,0.6012402869097431,0.4439882479251558,0.35714285714285715
0.3916235840315292,0.2931525188733427,0.206694560669456,0.5072397700055956,0.26666666666666666
0.9029232859521178,0.845308762286438,0.08065214254797291,0.7016548448161463,0.7931034482758621
0.6088391057345185,0.5777697247780847,0.20850767085076716,0.5138414530733582,0.5555555555555556
0.5533493212754984,0.47977619447482533,0.3927824267782426,0.6639270161292735,0.4230769230769231
0.5712975580038073,0.30120600525164926,0.7139121338912136,0.5963342465765389,0.5
0.5824372386668885,0.5240748221360773,0.10693229364777482,0.9245189346777007,0.5909090909090909
0.4453409159530943,0.468993757052506,0.3263598326359832,0.374598126939659,0.33333333333333326
0.5157052771525303,0.436639609551132,0.17771605828884715,0.5145566767183011,0.41379310344827586
0.5826426287831997,0.44618660356782325,0.46809623430962355,0.7377382823431466,0.6538461538461539
0.7218158260255682,0.4860771193116301,0.39690115062761505,0.6567942009403982,0.75
0.5820638988046747,0.3267346734889896,0.025156903765690398,0.7284284527142986,0.65
0.9419811590818881,0.7784747255177128,0.3561884194898098,0.7830616883429032,0.8387096774193549
0.574399623643517,0.496233848864321,0.4351464435146444,0.6915284171279527,0.35294117647058826
0.6779436008972015,0.5555939315376954,0.519549848506709,0.5556699233063536,0.6551724137931035
0.2897996084288274,0.1924101726411294,0.4487447698744769,0.373970103963108,0.2222222222222222
0.4660102944788769,0.06456304487229594,0.6064853556485357,0.5088827570692283,0.35
0.5456587425034398,0.3918974951678665,0.36521219366407653,0.5500857280733115,0.5714285714285714
0.5484964644396416,0.46897903278553044,0.2855648535564855,0.6325124377545832,0.48148148148148145
0.6990653651889265,0.686331864425807,0.8023012552301255,0.4641764882723811,0.6818181818181818
0.6229507027751717,0.6309738100227616,0.2298555810500742,0.4845707012599074,0.5483870967741935
0.6251317686355282,0.43985934079663513,0.6064853556485357,0.4388505788275213,0.5333333333333333
0.7248204049590449,0.7610982958596517,0.3382583682008369,0.7437694433843342,0.41666666666666674
0.776613345739842,0.48730143132527254,0.8897190675433353,0.8409679471348039,0.7142857142857143
0.6508846732517433,0.6972748160700267,0.4182657625162315,0.647707605973143,0.6206896551724138
0.4565777867508513,0.3064221849790634,0.4940725244072524,0.5448125857518921,0.3703703703703704
0.5643155064489096,0.4844228671953159,0.06799163179916316,0.5143456300911128,0.5217391304347826
0.7909668752985461,0.678468022116229,0.24719814704124318,0.8199534633915744,0.8214285714285714
0.5153992411886102,0.3419115716501774,0.3346159593544531,0.6607392380589628,0.5357142857142857
0.36869236074463696,0.19008071919254124,0.3606512643259961,0.4449852431521444,0.21739130434782608
0.5360560921061828,0.4153447179196161,0.21819132750095085,0.43359387198434374,0.45454545454545453
0.5362242260085232,0.18622833216780096,0.5490910402539316,0.4260291209956744,0.48275862068965514
0.6039575172514036,0.4493951632662349,0.5389882084442753,0.8356104931373727,0.5454545454545454
0.03690608243371859,0.11338409018774126,0.1342834728033473,0.1052348902176469,0.08333333333333331
0.5806708836666116,0.47891444421779006,0.4586820083682008,0.5510774353923126,0.6153846153846154
0.7047781921678692,0.67268313496752,0.1342834728033473,0.7462387748903679,0.7083333333333335
0.584630984483742,0.36521725151466894,0.6554393305439332,0.4583540427867631,0.6
0.6322203286000642,0.4969447079188552,0.12481320980274956,0.5556081288570726,0.5357142857142857
0.592631579559725,0.47119342792544566,0.17441331635437515,0.5712713052373566,0.5652173913043478
0.6579762393752701,0.569190737973666,0.3601363206910514,0.8229342199240498,0.7419354838709676
0.6862542833178624,0.4343691079276832,0.6298497527577027,0.6737654357694339,0.6363636363636364
0.5736493516692382,0.3681677826649946,0.25422957977078414,0.7524459964408288,0.5217391304347826
0.7585676950151751,0.7805712165773495,0.463389121338912,0.7099958414285075,0.5
0.5442705944553914,0.31206155574338823,0.6041542139868501,0.3443370360540282,0.5238095238095238
0.4607716376591199,0.34345057398280165,0.4438882247459653,0.3327373322515404,0.35714285714285715
0.6486535815877142,0.44229885885644754,0.5031380753138075,0.6776261930387268,0.8333333333333335
0.6157870756124136,0.5897022437715672,0.7190794979079499,0.48560993372311334,0.56
0.46581040812632135,0.3859770179643153,0.48500697350069727,0.4087907888688274,0.25925925925925924
0.634312273240876,0.5242987423742045,0.2609832635983263,0.5806021580027622,0.6153846153846154
0.5639691088456689,0.2319820436536343,0.23546575644131246,0.6178802074153439,0.5263157894736842
0.41794931594360174,0.20185374307167855,0.3962057816660327,0.6543995000064317,0.2727272727272727
0.7091009694284912,0.44645616904488294,0.1169456066945607,0.7883428686569671,0.6
0.5415993987739263,0.5552472227937607,0.4841004184100419,0.5221952361629143,0.4
0.5376703137109972,0.26638496738957834,0.16589958158995813,0.3615478817503858,0.45
0.6534821398112837,0.5203316367212543,0.733765690376569,0.5432017048090936,0.72
0.46525371141046334,0.23192181705499743,0.2998788813036777,0.3170422229456993,0.3684210526315789
0.6317989631388423,0.40027539372725873,0.4008786610878662,0.510669422549873,0.68
0.6608083545075738,0.35354903152164385,0.6503751262444092,0.9726835979549103,0.6206896551724138
0.4143594051675482,0.4083905645037567,0.10094142259414224,0.4085146993602941,0.34615384615384615
0.5950513745245488,0.4586130336212979,0.0,0.8337586017201396,0.5555555555555556
0.44452558766459793,0.612364855768751,0.15845006367109327,0.3774796240432691,0.34782608695652173
0.7258820228488732,0.6611925017589476,0.36084130304841594,0.6284880737072084,0.6428571428571429
0.5263030755224976,0.5177743697108035,0.26123100638625857,0.42706148451583964,0.5263157894736842
0.3262678949275532,0.33792539319464054,0.06799163179916316,0.31697953158145514,0.2727272727272727
0.5809804576978209,0.598082366343466,0.06799163179916316,0.6574129325371562,0.5
0.26363210880160515,0.157417360982775,0.33852675622109674,0.4979747392343433,0.15789473684210525
0.5525268945437279,0.47083808198136445,0.2001673640167364,0.580383817958527,0.56
0.5544206230517501,0.46161664024021337,0.28726464435146437,0.44836066833991606,0.375
0.4192514352099406,0.38583520371814517,0.4224859327658346,0.39283116066252427,0.3793103448275862
0.5173972594835617,0.6375114362039004,0.2139121338912133,0.4103380025864065,0.4230769230769231
0.43193612264713255,0.3713424184698227,0.45146443514644347,0.3998299880343395,0.4
0.6835119970160628,0.6841837393979597,0.2589121338912134,0.6034837462617239,0.68
0.6752768432337678,0.5878804455591061,0.1903765690376569,0.6558500525966289,0.6774193548387096
0.6481307845679585,0.4804062262423056,0.5303347280334729,0.5161542388418996,0.5925925925925926
0.6281339916581556,0.4998385926896908,0.6635983263598327,0.619520837032682,0.7
0.5642060938696868,0.39516095408297375,0.5841368018919411,0.6141932279582214,0.6521739130434783
0.6695071521579009,0.37418757611401754,0.609982068141064,0.7331213245805823,0.5714285714285714
0.34969597592731644,0.2509975350174877,0.26870292887029296,0.4030627580767566,0.2
0.6572100685447873,0.637021055237335,0.48578848650988316,0.36602815535772754,0.6206896551724138
0.6895750989491282,0.6552811898072063,0.5706440526001196,0.5774849466112014,0.75
0.6112222831158445,0.43020451457402353,0.349847850893876,0.5628013367774453,0.6060606060606061
0.5315881860907851,0.3421804127365811,0.4147489539748955,0.6299775362148421,0.5
0.5428144278250622,0.3308244407788646,0.4694142259414225,0.6332915939072281,0.44
0.6150376046512065,0.5474228079068292,0.39888423988842403,0.5186613827643991,0.5555555555555556
0.571936667121713,0.3784397676336836,0.41289463674400917,0.7482071865701956,0.45454545454545453
0.30734080843689354,0.3156514945768921,0.3360729228930065,0.17134230667013994,0.2857142857142857
0.5992227759502211,0.21327105586731365,0.590909090909091,0.6594438883695828,0.4090909090909091
0.711113748984807,0.45593508984532904,0.9072026300059773,0.500338014263922,0.7619047619047619
0.4854047260274715,0.28509338521889854,0.3405762647394446,0.6035093751778413,0.3181818181818182
0.552483248328493,0.3550713298518595,0.2703974895397489,0.5054489153217983,0.5
0.6468217934733349,0.49241903252891356,0.2603108188882247,0.8050968979427398,0.6428571428571429
0.4843210517112127,0.8578016826498686,0.38193560123703835,0.4959181099775834,0.34782608695652173
0.5181402100336232,0.2802279833660673,0.45183529859262084,0.40697265881043426,0.4090909090909091
0.6181979138730662,0.5084638557798314,0.17224546722454673,0.8970447540694998,0.5555555555555556
0.5574892552217855,0.399145211394498,0.5722175732217573,0.6681255219231135,0.4
0.5543257530902227,0.5746147914066215,0.14229677226539145,0.6055398595185983,0.5357142857142857
0.670309164289776,0.6322876389287122,0.5575313807531381,0.3384535405892727,0.6086956521739131
0.4215361125645071,0.35306950633183,0.08395488448244491,0.4979995647231156,0.2608695652173913
0.4321394237504281,0.4594297431618387,0.37717463113851585,0.4002784898151323,0.21052631578947367
0.5857274467982372,0.44293679578250017,0.7717050209205021,0.49119696663534285,0.5714285714285714
0.5510721200188845,0.5233469441642583,0.33111924686192473,0.47659716374850264,0.4
0.45762208759794404,0.3402215869234857,0.06799163179916316,0.4740298575557348,0.5
0.4600071681086671,0.32942586527699785,0.18481361734499804,0.5225370778255591,0.2727272727272727
0.3643277992662806,0.3679940551412507,0.16589958158995813,0.27611667408290425,0.25
0.7648106070724725,0.5199847251409927,0.5167364016736401,0.9431633068941638,0.6666666666666665
0.5881468470343836,0.32717963284685314,0.32805962343096234,0.66209620948021,0.5833333333333334
0.5911247223973761,0.21610660354149935,0.8463598326359832,0.6048096820908139,0.56
0.7439035757964776,0.5714406726894404,0.6318365212193665,0.5185566150747454,0.6785714285714286
0.5014435581354311,0.4711644863425064,0.3449680687073332,0.6714407430820681,0.3157894736842105
0.3432499259710761,0.2567889194060694,0.45263000597728625,0.3368619917377558,0.21428571428571427
0.8491463030937829,0.5704622111616906,0.5531604901374775,0.6990779242888702,0.8214285714285714
0.5958242786805341,0.5070629843742888,0.4841004184100419,0.45635597938713857,0.44
0.268995406592003,0.20932197302494035,0.12044231918708907,0.210610308287323,0.23809523809523805
0.5303000211185851,0.3514230027817692,0.2270920502092051,0.5444710255187926,0.6
0.6421552610146508,0.34359931121070536,0.4404675277424049,0.3886440884274587,0.5217391304347826
0.583613660938028,0.44152621149717614,0.5167364016736401,0.5404027991709813,0.5185185185185185
0.7498812388054403,0.7568088763032348,0.7964734010759116,0.8622590045730982,0.7619047619047619
0.6569699430436491,0.542220863682195,0.29116416441053417,0.629734746070404,0.7058823529411765
0.40456592123873036,0.4235529969869968,0.5010460251046025,0.4441425838054928,0.34615384615384615
0.6907726617840401,0.5492738014452476,0.514336697021905,0.6025407009929058,0.6470588235294117
0.6166149472994492,0.5417893581878183,0.4832262402869097,0.4475481404870583,0.6071428571428571
0.4272759769598592,0.27213353166963605,0.6857441721458458,0.4621863333330183,0.2857142857142857
0.22613070632674637,0.17409592900663343,0.27196652719665265,0.26536207589778227,0.05555555555555555
0.6265058659267962,0.60767580552273,0.06799163179916316,0.560441337568703,0.56
0.6890398404094342,0.7878106771452689,0.26487174822630516,0.7411654358643777,0.6956521739130435
0.43604989653170323,0.22686668099965226,0.20150247242297462,0.6960075295201845,0.4090909090909091
0.49545763638052936,0.4346645632387508,0.33995815899581583,0.6242614148485705,0.4074074074074074
0.3726389605796904,0.20398823482391226,0.35983263598326365,0.4554784411439951,0.3076923076923077
0.772173296316116,0.5790913026767067,0.41660327120578156,0.7949379735463918,0.7575757575757575
0.4953136909978669,0.5817024496018335,0.1903765690376569,0.3519790836101088,0.4615384615384615
0.4946066129336988,0.33788888390108673,0.1903765690376569,0.5715834721598484,0.32
0.5412568365942673,0.33836904721449607,0.5253248183219554,0.6428630517011568,0.42105263157894735
0.8596700720187064,0.6707915629359672,0.3892520920502092,0.8765621312276476,0.8333333333333335
0.7651678642671041,0.42739866521661196,0.4118350268977885,0.6632539722244896,0.7619047619047619
0.5160492295510349,0.41266122422196705,0.6219445056155033,0.5017837591139145,0.47368421052631576
0.5925647953287075,0.4602651260354805,0.8023012552301255,0.4631173019968378,0.5925925925925926
0.5531792095200289,0.5094549005043627,0.4940725244072524,0.5330531548694635,0.5185185185185185
0.572508220170255,0.4927171026143518,0.39888423988842403,0.5913773756482918,0.4444444444444444
0.5627011706662253,0.26242234589081104,0.5043205384755322,0.6325327521505972,0.391304347826087
0.6479730463316064,0.5018219392219111,0.8197848176927675,0.44219491059862304,0.6428571428571429
0.45810356530326973,0.4345190512623395,0.3739539748953975,0.5453650422363014,0.4615384615384615
0.4860524389469688,0.2729322259988123,0.02209728033472801,0.5051642343307305,0.3125
0.7444790692543226,0.4186080792929556,0.6889818688981869,0.6079907046104305,0.6666666666666665
0.4387868442554207,0.311055695754845,0.5043205384755322,0.3732159701873406,0.17391304347826086
0.35337244428962267,0.4448863239574622,0.2900976290097629,0.49909969080871713,0.1851851851851852
0.6823527532952877,0.5861011157358089,0.5076708507670852,0.6964914652980347,0.7037037037037037
0.4915762306236027,0.31618133100236734,0.2855648535564855,0.5826973501927063,0.4444444444444444
0.6435337345882394,0.34721692670167964,0.6093096234309624,0.7346868447414518,0.6538461538461539
0.661369916044781,0.5070975490697365,0.4106694560669457,0.6772958514192539,0.72
0.7662952322718086,0.4109732292247631,0.5744120617515509,0.601489386823577,0.6206896551724138
0.5950169202283291,0.6119216963154234,0.40577405857740584,0.5507680056837659,0.52
0.7211791053285288,0.6425103279182972,0.2638075313807531,0.5416522387022396,0.7
0.403141512860434,0.20614194896962126,0.1631799163179916,0.6187692620843549,0.2222222222222222
0.46463273968687385,0.1961734973106169,0.35647041243275557,0.5985699840715663,0.39285714285714285
0.4934064516625274,0.14740168793973032,0.5043205384755322,0.31971858068104386,0.43478260869565216
0.6123167442989186,0.4982724602351593,0.23294524285974164,0.4886707867002972,0.4782608695652174
0.8498763201161257,0.4063739514372601,0.6967969989900447,0.6285600819457682,0.7586206896551724
0.5568874411648238,0.3900166384765421,0.46914225941422605,0.4731332407248268,0.5555555555555556
0.7541386837093748,0.40050983896498293,0.6255230125523012,0.8634495081659139,0.6666666666666665
0.7010521825426212,0.5689441518834384,0.14031000380372763,0.6776795164276321,0.6363636363636364
0.857337807617205,0.6469957340760303,0.4532775453277546,0.7866351040103541,0.8148148148148148
0.5031724727966073,0.4438878317923953,0.46707294888120787,0.471217046409052,0.4782608695652174
0.6566375912584262,0.5426347242868536,0.15595580543933052,0.6927504260495887,0.6875
0.7131693155392296,0.3867488532379771,0.6107422230307441,0.7443062380053771,0.6521739130434783
0.4559372809946428,0.4261822887380086,0.0401768733358691,0.44559059070235335,0.4090909090909091
0.47283790830539385,0.5218586252587234,0.09580639026245721,0.3819581417870949,0.36363636363636365
0.450109562232459,0.34957051118400767,0.46809623430962355,0.27878866371551275,0.2692307692307692
0.4996493506353155,0.5013588041432013,0.2967982535928689,0.5964983056778239,0.4782608695652174
0.6552370111359251,0.45373729066919954,0.049633891213389056,0.6342188470197689,0.7
0.5621532719054677,0.671550027362692,0.6003661087866109,0.3877424334172064,0.5
0.6728750033180263,0.3331847342958016,0.5942468619246863,0.6377239461611821,0.7
0.6016052526031197,0.442373661091714,0.38475264582820573,0.40342729610100575,0.4117647058823529
0.5162207146214722,0.47291723165780575,0.3127615062761506,0.6267492654488147,0.4
0.5927576724134748,0.5199468587022665,0.33542538354253837,0.6871487371528091,0.4444444444444444
0.38112687816026014,0.3977603390735913,0.28615608513734764,0.35439257814965197,0.21739130434782608
0.621567646997232,0.3326028927660553,0.8070083682008369,0.4722344872899084,0.5
0.3306830373144924,0.22817992448244276,0.40455020920502094,0.3606832577248796,0.33333333333333326
0.5988484255414759,0.5962327974317767,0.2931799163179916,0.42447579481368203,0.48
0.7912084155801393,0.4383916861671175,0.6377146154955995,1.0,0.6896551724137931
0.5473604173005349,0.5500253136614313,0.41289463674400917,0.8051363684282655,0.5
0.5982742658591514,0.3599787529302852,0.3178608786610878,0.49740088738846067,0.5
0.6515733462988065,0.2520499830853572,0.8216251926888349,0.507608045509598,0.47368421052631576
0.6609655885480312,0.48131267737968275,0.35983263598326365,0.6038691393746775,0.5769230769230769
0.48753512642804026,0.3317930249160784,0.4351464435146444,0.3837357301762993,0.35714285714285715
0.5378812836709613,0.5026907134247182,0.38619246861924683,0.4949672472364073,0.36
0.6973777563255953,0.48512743893118526,1.0,0.5088357130521847,0.7307692307692306
0.7723436182707841,0.6056405028612922,0.14142259414225936,0.7009838712611485,0.6666666666666665
0.7327863031372351,0.6052198355527084,0.06309623430962341,0.5818303541165056,0.72
0.7363482839157295,0.7159112305694577,0.3568200836820083,0.6338619531261589,0.72
0.6856274570209889,0.5546583390435589,0.27382084442753896,0.6341045355032152,0.6818181818181818
0.630536865853306,0.7163434146421079,0.23443514644351457,0.6084010964490995,0.52
0.6045445299003388,0.3934497872670547,0.42290794979079505,0.6781043674285373,0.65
0.43413198004709863,0.38785488461159545,0.23488018257892732,0.47610862107698165,0.2727272727272727
0.3654549441166459,0.3827362437556296,0.4021966527196652,0.25869739033311656,0.19230769230769235
0.5758515334809764,0.3324983543176824,0.39888423988842403,0.6602574555626,0.5185185185185185
0.814374449859659,0.8407096890709214,0.39789885392032015,0.6101317774601726,0.7391304347826086
0.6582770120113102,0.3845681333707206,0.48578848650988316,0.6351672753836781,0.6551724137931035
0.4879951843660372,0.5704238324163587,0.15864714086471404,0.5082761336563801,0.4074074074074074
0.4323420262245025,0.24217067700909123,0.22931723088626857,0.5947352506064367,0.3181818181818182
0.651298013102968,0.4663058664462804,0.5659717212523445,0.8152017048842517,0.7241379310344827
0.3693426595302483,0.40899404204854634,0.0038852361028093112,0.443128095180303,0.23809523809523805
0.6529865609323134,0.2989600387938212,0.4184575884366679,0.47916027923547583,0.7272727272727273
0.40469194476287196,0.2414349119400625,0.262367708589712,0.44551925092733935,0.4117647058823529
0.8093255618726942,0.5718884319522264,0.4008786610878662,0.9129007257015014,0.92
0.6702528214107231,0.43563678628114566,0.3877716290997436,0.4785262454044877,0.5806451612903226
0.6917146972836872,0.7432686291556287,0.27196652719665265,0.6173966591296417,0.625
0.8667073431098753,0.6610511563952527,0.3790533472803347,0.919957708656912,0.75
0.5710482406778156,0.6284804410468064,0.18548117154811714,0.3788497799356789,0.56
0.6466616721346655,0.5486599478066436,0.5517035265989241,0.5760485740333433,0.6190476190476191
0.5952244411047899,0.3608026143894064,0.149581589958159,0.6077005209071782,0.5555555555555556
